Total Schools,Total Students,Total Budget,Average Math Score,Average Reading Score,% Passing Math,% Passing Reading,% Overall Passing
15,"39,170","$24,649,428.00",78.93053295099331,81.85579580976001,73.88052080673985,84.65151901965791,64.09241766658157
